model,arm_a,arm_b,batch_size_a,batch_size_b,metric,value,ci_low,ci_high,p_value,n_pairs,timestamp
gemma3:27b,gemma3:27b@b1,gemma3:27b,1,1,word_f1_delta,0.08444490691110207,0.06442682599910952,0.10424345809645262,0.049041748046875,543,2026-10-07T07:57:19
gemma3:27b,gemma3:27b@b1,gemma3:27b,1,1,boundary_f1_delta,0.04470105399764691,0.032811083372142655,0.05745549938709432,0.049041748046875,543,2026-10-07T07:57:19
gemma3:27b,gemma3:27b@b2,gemma3:27b@b1,2,1,word_f1_delta,-0.028872497730389027,-0.04867234446941048,-0.008497092580599074,0.8318119049072266,543,2026-10-07T07:57:19
gemma3:27b,gemma3:27b@b2,gemma3:27b@b1,2,1,boundary_f1_delta,-0.014099930654695524,-0.025927757603145127,-0.002157913614354089,0.8318119049072266,543,2026-10-07T07:57:19
gemma3:27b,gemma3:27b@b2,gemma3:27b,2,1,word_f1_delta,0.05557240918071303,0.03391874277531865,0.07786587217820129,0.1670684814453125,543,2026-10-07T07:57:19
gemma3:27b,gemma3:27b@b2,gemma3:27b,2,1,boundary_f1_delta,0.030601123342951387,0.017057094404621158,0.04251817459380811,0.1670684814453125,543,2026-10-07T07:57:19
gemma3:27b,gemma3:27b@b4,gemma3:27b@b1,4,1,word_f1_delta,-0.0440530891108233,-0.06604706808241968,-0.021939895178020235,0.049041748046875,543,2026-10-07T07:57:19
gemma3:27b,gemma3:27b@b4,gemma3:27b@b1,4,1,boundary_f1_delta,-0.026891873279149204,-0.039869101560424475,-0.01403507416751236,0.049041748046875,543,2026-10-07T07:57:19
gemma3:27b,gemma3:27b@b4,gemma3:27b,4,1,word_f1_delta,0.04039181780027877,0.016013923517707036,0.06495404281378316,1.0,543,2026-10-07T07:57:19
gemma3:27b,gemma3:27b@b4,gemma3:27b,4,1,boundary_f1_delta,0.017809180718497707,0.0034874833986019847,0.03371916214755243,1.0,543,2026-10-07T07:57:19
gemma3:27b,gemma3:27b@b8,gemma3:27b@b1,8,1,word_f1_delta,-0.09610178144928534,-0.12450618712505626,-0.07018511612533132,0.010622024536132812,543,2026-10-07T07:57:19
gemma3:27b,gemma3:27b@b8,gemma3:27b@b1,8,1,boundary_f1_delta,-0.05980568028855463,-0.07542738399003815,-0.04325790924401892,0.010622024536132812,543,2026-10-07T07:57:19
gemma3:27b,gemma3:27b@b8,gemma3:27b,8,1,word_f1_delta,-0.011656874538183265,-0.039689242950810714,0.015530286001896178,0.5234670639038086,543,2026-10-07T07:57:19
gemma3:27b,gemma3:27b@b8,gemma3:27b,8,1,boundary_f1_delta,-0.015104626290907705,-0.031020054248480138,0.0032074826173697705,0.5234670639038086,543,2026-10-07T07:57:19
gemma3:27b,gemma3:27b@b1@lem,gemma3:27b@lem,1,1,word_f1_delta,0.043438741506402034,0.01842957348043786,0.06829727631873835,0.8145294189453125,543,2026-10-07T07:57:19
gemma3:27b,gemma3:27b@b1@lem,gemma3:27b@lem,1,1,boundary_f1_delta,0.05340114124567605,0.024961040234670263,0.08197754768578958,0.8145294189453125,543,2026-10-07T07:57:19
gemma3:27b,gemma3:27b@b2@lem,gemma3:27b@b1@lem,2,1,word_f1_delta,-0.01490587415723389,-0.04226389943650347,0.014230861669601547,0.5412561893463135,543,2026-10-07T07:57:19
gemma3:27b,gemma3:27b@b2@lem,gemma3:27b@b1@lem,2,1,boundary_f1_delta,-0.017317827230072066,-0.04727131289699051,0.016005780461791828,0.5412561893463135,543,2026-10-07T07:57:19
gemma3:27b,gemma3:27b@b2@lem,gemma3:27b@lem,2,1,word_f1_delta,0.028532867349168142,-0.001159999157896278,0.058640378313700836,0.855535551905632,543,2026-10-07T07:57:19
gemma3:27b,gemma3:27b@b2@lem,gemma3:27b@lem,2,1,boundary_f1_delta,0.03608331401560398,-0.0007482917541788035,0.07156884304752929,0.855535551905632,543,2026-10-07T07:57:19
gemma3:27b,gemma3:27b@b4@lem,gemma3:27b@b1@lem,4,1,word_f1_delta,-0.01697042961290639,-0.048999542566278434,0.02003694463334865,1.0,543,2026-10-07T07:57:19
gemma3:27b,gemma3:27b@b4@lem,gemma3:27b@b1@lem,4,1,boundary_f1_delta,-0.015491460705348946,-0.056488027970671505,0.02747158024852199,1.0,543,2026-10-07T07:57:19
gemma3:27b,gemma3:27b@b4@lem,gemma3:27b@lem,4,1,word_f1_delta,0.026468311893495643,-0.0074166372158468675,0.06062687287628211,0.8505540192127228,543,2026-10-07T07:57:19
gemma3:27b,gemma3:27b@b4@lem,gemma3:27b@lem,4,1,boundary_f1_delta,0.037909680540327104,-0.005779167459044348,0.08069410800102601,0.8505540192127228,543,2026-10-07T07:57:19
gemma3:27b,gemma3:27b@b8@lem,gemma3:27b@b1@lem,8,1,word_f1_delta,-0.04040595608478042,-0.0772027176075304,-0.0034152059875656774,0.26493089646101,543,2026-10-07T07:57:19
gemma3:27b,gemma3:27b@b8@lem,gemma3:27b@b1@lem,8,1,boundary_f1_delta,-0.04069816810212863,-0.08054341661153415,0.004232833584744008,0.26493089646101,543,2026-10-07T07:57:19
gemma3:27b,gemma3:27b@b8@lem,gemma3:27b@lem,8,1,word_f1_delta,0.003032785421621621,-0.03049520280396476,0.03620487076567585,0.10775214433670044,543,2026-10-07T07:57:19
gemma3:27b,gemma3:27b@b8@lem,gemma3:27b@lem,8,1,boundary_f1_delta,0.012702973143547423,-0.032094518691246576,0.05677121561026489,0.10775214433670044,543,2026-10-07T07:57:19
opencode-go/deepseek-v4.1-flash,opencode-go/deepseek-v4.1-flash@b1,opencode-go/deepseek-v4.1-flash,1,1,word_f1_delta,-0.025354400338520083,-0.034792111317616246,-0.01587622675706509,0.009073340339587177,543,2026-10-07T07:57:19
opencode-go/deepseek-v4.1-flash,opencode-go/deepseek-v4.1-flash@b1,opencode-go/deepseek-v4.1-flash,1,1,boundary_f1_delta,-0.01030450875653339,-0.016272047045801943,-0.005247974952801875,0.009073340339587177,543,2026-10-07T07:57:19
opencode-go/deepseek-v4.1-flash,opencode-go/deepseek-v4.1-flash@b2,opencode-go/deepseek-v4.1-flash@b1,2,1,word_f1_delta,-0.023368386713455636,-0.03399005655222693,-0.012681078995059311,0.017533235299084904,543,2026-10-07T07:57:19
opencode-go/deepseek-v4.1-flash,opencode-go/deepseek-v4.1-flash@b2,opencode-go/deepseek-v4.1-flash@b1,2,1,boundary_f1_delta,-0.00894018034983502,-0.01449965030125995,-0.0031266312515343727,0.017533235299084904,543,2026-10-07T07:57:19
opencode-go/deepseek-v4.1-flash,opencode-go/deepseek-v4.1-flash@b2,opencode-go/deepseek-v4.1-flash,2,1,word_f1_delta,-0.04872278705197572,-0.058951526560958235,-0.03836836281889094,5.85395552938811e-06,543,2026-10-07T07:57:19
opencode-go/deepseek-v4.1-flash,opencode-go/deepseek-v4.1-flash@b2,opencode-go/deepseek-v4.1-flash,2,1,boundary_f1_delta,-0.01924468910636841,-0.02435625114810054,-0.01463174361456916,5.85395552938811e-06,543,2026-10-07T07:57:19
opencode-go/deepseek-v4.1-flash,opencode-go/deepseek-v4.1-flash@b4,opencode-go/deepseek-v4.1-flash@b1,4,1,word_f1_delta,-0.02243537880685672,-0.03508367230335601,-0.011354130789845061,0.022574972673257185,543,2026-10-07T07:57:19
opencode-go/deepseek-v4.1-flash,opencode-go/deepseek-v4.1-flash@b4,opencode-go/deepseek-v4.1-flash@b1,4,1,boundary_f1_delta,-0.005847160470533559,-0.011837134078856604,0.000717741082629623,0.022574972673257185,543,2026-10-07T07:57:19
opencode-go/deepseek-v4.1-flash,opencode-go/deepseek-v4.1-flash@b4,opencode-go/deepseek-v4.1-flash,4,1,word_f1_delta,-0.0477897791453768,-0.058310525105664965,-0.037227676074154975,5.268675318129165e-06,543,2026-10-07T07:57:19
opencode-go/deepseek-v4.1-flash,opencode-go/deepseek-v4.1-flash@b4,opencode-go/deepseek-v4.1-flash,4,1,boundary_f1_delta,-0.01615166922706695,-0.02145489374012901,-0.010208864908589434,5.268675318129165e-06,543,2026-10-07T07:57:19
opencode-go/deepseek-v4.1-flash,opencode-go/deepseek-v4.1-flash@b8,opencode-go/deepseek-v4.1-flash@b1,8,1,word_f1_delta,-0.02196065086114469,-0.03568207116961569,-0.008599668455856453,0.38566942011927957,543,2026-10-07T07:57:19
opencode-go/deepseek-v4.1-flash,opencode-go/deepseek-v4.1-flash@b8,opencode-go/deepseek-v4.1-flash@b1,8,1,boundary_f1_delta,-0.007921977172966851,-0.014951017765092786,-0.0001774251196574569,0.38566942011927957,543,2026-10-07T07:57:19
opencode-go/deepseek-v4.1-flash,opencode-go/deepseek-v4.1-flash@b8,opencode-go/deepseek-v4.1-flash,8,1,word_f1_delta,-0.04731505119966478,-0.05992714166668522,-0.03483971879019517,0.0021949089077805926,543,2026-10-07T07:57:19
opencode-go/deepseek-v4.1-flash,opencode-go/deepseek-v4.1-flash@b8,opencode-go/deepseek-v4.1-flash,8,1,boundary_f1_delta,-0.018226485929500245,-0.024883221317503826,-0.0112304824201723,0.0021949089077805926,543,2026-10-07T07:57:19
opencode-go/deepseek-v4.1-flash,opencode-go/deepseek-v4.1-flash@b1@lem,opencode-go/deepseek-v4.1-flash@lem,1,1,word_f1_delta,-0.01680524729689025,-0.03119259175886018,-0.0013108361475453333,0.0021901868838920535,543,2026-10-07T07:57:19
opencode-go/deepseek-v4.1-flash,opencode-go/deepseek-v4.1-flash@b1@lem,opencode-go/deepseek-v4.1-flash@lem,1,1,boundary_f1_delta,-0.0043222165133278735,-0.017142503120672285,0.010053914011966683,0.0021901868838920535,543,2026-10-07T07:57:19
opencode-go/deepseek-v4.1-flash,opencode-go/deepseek-v4.1-flash@b2@lem,opencode-go/deepseek-v4.1-flash@b1@lem,2,1,word_f1_delta,-0.013078603998636727,-0.029449623378027007,0.002413903419450179,0.16077960181198847,543,2026-10-07T07:57:19
opencode-go/deepseek-v4.1-flash,opencode-go/deepseek-v4.1-flash@b2@lem,opencode-go/deepseek-v4.1-flash@b1@lem,2,1,boundary_f1_delta,-0.003545173558593809,-0.01990765969829282,0.012318957231119974,0.16077960181198847,543,2026-10-07T07:57:19
opencode-go/deepseek-v4.1-flash,opencode-go/deepseek-v4.1-flash@b2@lem,opencode-go/deepseek-v4.1-flash@lem,2,1,word_f1_delta,-0.02988385129552698,-0.04892643660773348,-0.011951749685789676,1.7428522601631996e-05,543,2026-10-07T07:57:19
opencode-go/deepseek-v4.1-flash,opencode-go/deepseek-v4.1-flash@b2@lem,opencode-go/deepseek-v4.1-flash@lem,2,1,boundary_f1_delta,-0.007867390071921684,-0.025293505194457267,0.00870428594542022,1.7428522601631996e-05,543,2026-10-07T07:57:19
opencode-go/deepseek-v4.1-flash,opencode-go/deepseek-v4.1-flash@b4@lem,opencode-go/deepseek-v4.1-flash@b1@lem,4,1,word_f1_delta,-0.022601937035624978,-0.040219308866430485,-0.0050073173321299284,0.011141407415305074,543,2026-10-07T07:57:19
opencode-go/deepseek-v4.1-flash,opencode-go/deepseek-v4.1-flash@b4@lem,opencode-go/deepseek-v4.1-flash@b1@lem,4,1,boundary_f1_delta,-0.00881950529554396,-0.02585708150851189,0.007779663158722997,0.011141407415305074,543,2026-10-07T07:57:19
opencode-go/deepseek-v4.1-flash,opencode-go/deepseek-v4.1-flash@b4@lem,opencode-go/deepseek-v4.1-flash@lem,4,1,word_f1_delta,-0.03940718433251523,-0.05944344223208858,-0.018766336391173553,3.850977823529724e-07,543,2026-10-07T07:57:19
opencode-go/deepseek-v4.1-flash,opencode-go/deepseek-v4.1-flash@b4@lem,opencode-go/deepseek-v4.1-flash@lem,4,1,boundary_f1_delta,-0.013141721808871831,-0.032251982383809386,0.0068999172906700846,3.850977823529724e-07,543,2026-10-07T07:57:19
opencode-go/deepseek-v4.1-flash,opencode-go/deepseek-v4.1-flash@b8@lem,opencode-go/deepseek-v4.1-flash@b1@lem,8,1,word_f1_delta,-0.03358720691173945,-0.05225032817116987,-0.014277098096945674,0.0007667649897412907,543,2026-10-07T07:57:19
opencode-go/deepseek-v4.1-flash,opencode-go/deepseek-v4.1-flash@b8@lem,opencode-go/deepseek-v4.1-flash@b1@lem,8,1,boundary_f1_delta,-0.01496763859654877,-0.034356094853704805,0.004551246296768559,0.0007667649897412907,543,2026-10-07T07:57:19
opencode-go/deepseek-v4.1-flash,opencode-go/deepseek-v4.1-flash@b8@lem,opencode-go/deepseek-v4.1-flash@lem,8,1,word_f1_delta,-0.0503924542086297,-0.06856064283793854,-0.031023624372820933,5.257316976900643e-09,543,2026-10-07T07:57:19
opencode-go/deepseek-v4.1-flash,opencode-go/deepseek-v4.1-flash@b8@lem,opencode-go/deepseek-v4.1-flash@lem,8,1,boundary_f1_delta,-0.01928985510987664,-0.03949454411637699,-0.00019297769679172988,5.257316976900643e-09,543,2026-10-07T07:57:19
sakana-namazu,sakana-namazu@b1,sakana-namazu,1,1,word_f1_delta,0.03602934642101269,0.020225350145751733,0.051910737062342775,0.015346677832630107,542,2026-10-07T07:57:19
sakana-namazu,sakana-namazu@b1,sakana-namazu,1,1,boundary_f1_delta,0.022128698043821345,0.010960600022569792,0.03370265340216962,0.015346677832630107,542,2026-10-07T07:57:19
sakana-namazu,sakana-namazu@b2,sakana-namazu@b1,2,1,word_f1_delta,-0.014261893494078033,-0.030952042365747768,0.002072122857439302,0.38173279479333766,543,2026-10-07T07:57:19
sakana-namazu,sakana-namazu@b2,sakana-namazu@b1,2,1,boundary_f1_delta,-0.008524614204257121,-0.020103722893674958,0.0023017307540816275,0.38173279479333766,543,2026-10-07T07:57:19
sakana-namazu,sakana-namazu@b2,sakana-namazu,2,1,word_f1_delta,0.021741139470303514,0.003251289599680875,0.039147110280318115,0.21160856876151612,542,2026-10-07T07:57:19
sakana-namazu,sakana-namazu@b2,sakana-namazu,2,1,boundary_f1_delta,0.013588355769076667,0.0019318888364614883,0.026385921929860598,0.21160856876151612,542,2026-10-07T07:57:19
sakana-namazu,sakana-namazu@b4,sakana-namazu@b1,4,1,word_f1_delta,-0.04108790409017751,-0.05949397877493586,-0.023018366994677863,0.008836205876094518,543,2026-10-07T07:57:19
sakana-namazu,sakana-namazu@b4,sakana-namazu@b1,4,1,boundary_f1_delta,-0.023082973078866535,-0.03493546367001294,-0.010661508944594111,0.008836205876094518,543,2026-10-07T07:57:19
sakana-namazu,sakana-namazu@b4,sakana-namazu,4,1,word_f1_delta,-0.005134365610290616,-0.02643353454196954,0.014215197365802228,0.48868297090314333,542,2026-10-07T07:57:19
sakana-namazu,sakana-namazu@b4,sakana-namazu,4,1,boundary_f1_delta,-0.0009968635462608137,-0.014875221316190419,0.014294406859117852,0.48868297090314333,542,2026-10-07T07:57:19
sakana-namazu,sakana-namazu@b8,sakana-namazu@b1,8,1,word_f1_delta,-0.08302521682395846,-0.10402100360771198,-0.06254449282696228,0.004609105461459266,543,2026-10-07T07:57:19
sakana-namazu,sakana-namazu@b8,sakana-namazu@b1,8,1,boundary_f1_delta,-0.056971291100269515,-0.07415236141964036,-0.040941245237139975,0.004609105461459266,543,2026-10-07T07:57:19
sakana-namazu,sakana-namazu@b8,sakana-namazu,8,1,word_f1_delta,-0.04714905345981654,-0.06862839349757759,-0.026307623416534247,0.2819789217936561,542,2026-10-07T07:57:19
sakana-namazu,sakana-namazu@b8,sakana-namazu,8,1,boundary_f1_delta,-0.034947706139658995,-0.05180122915761229,-0.016773607375643738,0.2819789217936561,542,2026-10-07T07:57:19
sakana-namazu,sakana-namazu@b1@lem,sakana-namazu@lem,1,1,word_f1_delta,-0.006116655968855723,-0.03416389416697206,0.021352408715072765,0.17417114727072658,543,2026-10-07T07:57:19
sakana-namazu,sakana-namazu@b1@lem,sakana-namazu@lem,1,1,boundary_f1_delta,-0.008865497448507587,-0.039021574065964675,0.019783672167258005,0.17417114727072658,543,2026-10-07T07:57:19
sakana-namazu,sakana-namazu@b2@lem,sakana-namazu@b1@lem,2,1,word_f1_delta,0.013214196724627134,-0.015313549191362179,0.04177193355467459,0.19252645776146274,543,2026-10-07T07:57:19
sakana-namazu,sakana-namazu@b2@lem,sakana-namazu@b1@lem,2,1,boundary_f1_delta,0.010699075585960702,-0.020976727350497285,0.03975116429356339,0.19252645776146274,543,2026-10-07T07:57:19
sakana-namazu,sakana-namazu@b2@lem,sakana-namazu@lem,2,1,word_f1_delta,0.0070975407557714145,-0.026729307761011723,0.040907184260704506,1.0,543,2026-10-07T07:57:19
sakana-namazu,sakana-namazu@b2@lem,sakana-namazu@lem,2,1,boundary_f1_delta,0.0018335781374531168,-0.032816660333096055,0.03443031700043796,1.0,543,2026-10-07T07:57:19
sakana-namazu,sakana-namazu@b4@lem,sakana-namazu@b1@lem,4,1,word_f1_delta,0.020799163726058438,-0.010756653235974186,0.05331716237435682,0.2819789217936561,543,2026-10-07T07:57:19
sakana-namazu,sakana-namazu@b4@lem,sakana-namazu@b1@lem,4,1,boundary_f1_delta,0.0371281646392615,0.006245787434284795,0.07000651417199708,0.2819789217936561,543,2026-10-07T07:57:19
sakana-namazu,sakana-namazu@b4@lem,sakana-namazu@lem,4,1,word_f1_delta,0.014682507757202715,-0.017106571676736695,0.04589636927811039,1.0,543,2026-10-07T07:57:19
sakana-namazu,sakana-namazu@b4@lem,sakana-namazu@lem,4,1,boundary_f1_delta,0.028262667190753914,-0.0018433086539467074,0.059952937725187325,1.0,543,2026-10-07T07:57:19
sakana-namazu,sakana-namazu@b8@lem,sakana-namazu@b1@lem,8,1,word_f1_delta,-0.027000925062155443,-0.062462517230794753,0.006615076448990525,0.72754708348947,543,2026-10-07T07:57:19
sakana-namazu,sakana-namazu@b8@lem,sakana-namazu@b1@lem,8,1,boundary_f1_delta,-0.023726734775430938,-0.060949061287616464,0.01376018150833617,0.72754708348947,543,2026-10-07T07:57:19
sakana-namazu,sakana-namazu@b8@lem,sakana-namazu@lem,8,1,word_f1_delta,-0.033117581031011166,-0.06596141566088518,0.0018651465016151184,0.5715867180030725,543,2026-10-07T07:57:19
sakana-namazu,sakana-namazu@b8@lem,sakana-namazu@lem,8,1,boundary_f1_delta,-0.03259223222393852,-0.07146755363451024,0.0037698957033913613,0.5715867180030725,543,2026-10-07T07:57:19
